index,Iteration,Time,Fitness,FEvals,Population Size,Mutation Rate,max_iters
1208,0,0.007740313998510828,275.0,300.0,300,0.1,1000
1209,1,0.020073034000233747,286.0,602.0,300,0.1,1000
1210,2,0.03060766400085413,286.0,903.0,300,0.1,1000
1211,3,0.04106174999833456,286.0,1204.0,300,0.1,1000
1212,4,0.051592253999842796,286.0,1505.0,300,0.1,1000
1213,5,0.06204997600070783,286.0,1806.0,300,0.1,1000
1214,6,0.07288264700036962,286.0,2107.0,300,0.1,1000
1215,7,0.0834438300007605,286.0,2408.0,300,0.1,1000
1216,8,0.09383170699948096,286.0,2709.0,300,0.1,1000
1217,9,0.1046303840012115,287.0,3011.0,300,0.1,1000
1218,10,0.11427283200100646,287.0,3312.0,300,0.1,1000
1219,11,0.12225660900003277,287.0,3613.0,300,0.1,1000
1220,12,0.12993349699900136,287.0,3914.0,300,0.1,1000
1221,13,0.1376848930012784,287.0,4215.0,300,0.1,1000
1222,14,0.14579451800091192,287.0,4516.0,300,0.1,1000
1223,15,0.15352247999908286,287.0,4817.0,300,0.1,1000
1224,16,0.16117832600139081,287.0,5118.0,300,0.1,1000
1225,17,0.16894765500182984,287.0,5419.0,300,0.1,1000
1226,18,0.1765581990002829,287.0,5720.0,300,0.1,1000
1227,19,0.18415083199943183,287.0,6021.0,300,0.1,1000
1228,20,0.19195269500050927,287.0,6322.0,300,0.1,1000
1229,21,0.1995099259984272,287.0,6623.0,300,0.1,1000
1230,22,0.20693365699844435,287.0,6924.0,300,0.1,1000
1231,23,0.21482651900078054,287.0,7225.0,300,0.1,1000
1232,24,0.2226951310003642,287.0,7526.0,300,0.1,1000
1233,25,0.23020765099863638,287.0,7827.0,300,0.1,1000
1234,26,0.23794613399877562,287.0,8128.0,300,0.1,1000
1235,27,0.24561085000095773,287.0,8429.0,300,0.1,1000
1236,28,0.2532447060002596,287.0,8730.0,300,0.1,1000
1237,29,0.2607802240017918,289.0,9032.0,300,0.1,1000
1238,30,0.2685812529998657,289.0,9333.0,300,0.1,1000
1239,31,0.2761432000006607,289.0,9634.0,300,0.1,1000
1240,32,0.2838698999985354,289.0,9935.0,300,0.1,1000
1241,33,0.291301523000584,289.0,10236.0,300,0.1,1000
1242,34,0.2991513839988329,289.0,10537.0,300,0.1,1000
1243,35,0.30695640799967805,289.0,10838.0,300,0.1,1000
1244,36,0.31479375300114043,289.0,11139.0,300,0.1,1000
1245,37,0.32234002800032613,289.0,11440.0,300,0.1,1000
1246,38,0.33015787999829627,289.0,11741.0,300,0.1,1000
1247,39,0.337626264001301,289.0,12042.0,300,0.1,1000
1248,40,0.3454193670004315,289.0,12343.0,300,0.1,1000
1249,41,0.35333141400042223,289.0,12644.0,300,0.1,1000
1250,42,0.3611084510012006,289.0,12945.0,300,0.1,1000
1251,43,0.36885538099886617,289.0,13246.0,300,0.1,1000
1252,44,0.376707012001134,289.0,13547.0,300,0.1,1000
1253,45,0.3848261860002822,289.0,13848.0,300,0.1,1000
1254,46,0.39269132600020384,289.0,14149.0,300,0.1,1000
1255,47,0.4005705259987735,289.0,14450.0,300,0.1,1000
1256,48,0.4086062429996673,289.0,14751.0,300,0.1,1000
1257,49,0.4165920300001744,289.0,15052.0,300,0.1,1000
1258,50,0.4243018970009871,289.0,15353.0,300,0.1,1000
1259,51,0.43221268100023735,289.0,15654.0,300,0.1,1000
1260,52,0.4400337879997096,289.0,15955.0,300,0.1,1000
1261,53,0.4478577689988015,289.0,16256.0,300,0.1,1000
1262,54,0.4553686479994212,289.0,16557.0,300,0.1,1000
1263,55,0.46291906899932656,289.0,16858.0,300,0.1,1000
1264,56,0.4704579149984056,289.0,17159.0,300,0.1,1000
1265,57,0.4781244740006514,289.0,17460.0,300,0.1,1000
1266,58,0.48578856400126824,289.0,17761.0,300,0.1,1000
1267,59,0.4934600880005746,289.0,18062.0,300,0.1,1000
1268,60,0.5011648569998215,290.0,18364.0,300,0.1,1000
1269,61,0.5088039920010488,290.0,18665.0,300,0.1,1000
1270,62,0.516513105998456,290.0,18966.0,300,0.1,1000
1271,63,0.5243003469986434,290.0,19267.0,300,0.1,1000
1272,64,0.5320350729998609,290.0,19568.0,300,0.1,1000
1273,65,0.5398843770017265,290.0,19869.0,300,0.1,1000
1274,66,0.5474489890002587,290.0,20170.0,300,0.1,1000
1275,67,0.5552729349983565,290.0,20471.0,300,0.1,1000
1276,68,0.562946196001576,290.0,20772.0,300,0.1,1000
1277,69,0.5710566109992214,290.0,21073.0,300,0.1,1000
1278,70,0.5786633600000641,290.0,21374.0,300,0.1,1000
1279,71,0.5863308689986297,290.0,21675.0,300,0.1,1000
1280,72,0.5941239470012079,290.0,21976.0,300,0.1,1000
1281,73,0.6019340489983733,290.0,22277.0,300,0.1,1000
1282,74,0.6096713080005429,290.0,22578.0,300,0.1,1000
1283,75,0.617356362999999,290.0,22879.0,300,0.1,1000
1284,76,0.6253861619989038,290.0,23180.0,300,0.1,1000
1285,77,0.6330040510001709,291.0,23482.0,300,0.1,1000
1286,78,0.6407493959995918,291.0,23783.0,300,0.1,1000
1287,79,0.6482240650002495,291.0,24084.0,300,0.1,1000
1288,80,0.6558652189996792,291.0,24385.0,300,0.1,1000
1289,81,0.6635750130008091,291.0,24686.0,300,0.1,1000
1290,82,0.6713146830006735,291.0,24987.0,300,0.1,1000
1291,83,0.6791273249982623,291.0,25288.0,300,0.1,1000
1292,84,0.686911795000924,293.0,25590.0,300,0.1,1000
1293,85,0.6946893849999469,293.0,25891.0,300,0.1,1000
1294,86,0.7026584080012981,293.0,26192.0,300,0.1,1000
1295,87,0.7102568310001516,293.0,26493.0,300,0.1,1000
1296,88,0.7180641060003836,293.0,26794.0,300,0.1,1000
1297,89,0.7258617389998108,293.0,27095.0,300,0.1,1000
1298,90,0.7336786550004035,293.0,27396.0,300,0.1,1000
1299,91,0.7415724999991653,293.0,27697.0,300,0.1,1000
1300,92,0.7495555870009412,293.0,27998.0,300,0.1,1000
1301,93,0.7574534000013955,293.0,28299.0,300,0.1,1000
1302,94,0.7650876750012685,293.0,28600.0,300,0.1,1000
1303,95,0.7727643239995814,294.0,28902.0,300,0.1,1000
1304,96,0.7804706870010705,294.0,29203.0,300,0.1,1000
1305,97,0.7882533869997133,294.0,29504.0,300,0.1,1000
1306,98,0.795805929999915,294.0,29805.0,300,0.1,1000
1307,99,0.8037138389991014,294.0,30106.0,300,0.1,1000
1308,100,0.8113176560000284,295.0,30408.0,300,0.1,1000
1309,101,0.8189501890010433,295.0,30709.0,300,0.1,1000
1310,102,0.8266299669994623,296.0,31011.0,300,0.1,1000
1311,103,0.8341885070003627,296.0,31312.0,300,0.1,1000
1312,104,0.8418046529986896,296.0,31613.0,300,0.1,1000
1313,105,0.8494461720001709,296.0,31914.0,300,0.1,1000
1314,106,0.8569469840003876,296.0,32215.0,300,0.1,1000
1315,107,0.8645120660003158,296.0,32516.0,300,0.1,1000
1316,108,0.872166739001841,296.0,32817.0,300,0.1,1000
1317,109,0.8798721999992267,296.0,33118.0,300,0.1,1000
1318,110,0.8876943920004123,296.0,33419.0,300,0.1,1000
1319,111,0.8956939980016614,296.0,33720.0,300,0.1,1000
1320,112,0.9033567840015166,296.0,34021.0,300,0.1,1000
1321,113,0.9111574540002039,296.0,34322.0,300,0.1,1000
1322,114,0.9190990460010653,296.0,34623.0,300,0.1,1000
1323,115,0.9281682920009189,296.0,34924.0,300,0.1,1000
1324,116,0.9364877650004928,296.0,35225.0,300,0.1,1000
1325,117,0.9443748650010093,296.0,35526.0,300,0.1,1000
1326,118,0.9521391720008978,296.0,35827.0,300,0.1,1000
1327,119,0.9600585719999799,296.0,36128.0,300,0.1,1000
1328,120,0.9678711909982667,296.0,36429.0,300,0.1,1000
1329,121,0.9758990480004286,296.0,36730.0,300,0.1,1000
1330,122,0.98385475699979,296.0,37031.0,300,0.1,1000
1331,123,0.9917076279998582,297.0,37333.0,300,0.1,1000
1332,124,0.9996413929984556,297.0,37634.0,300,0.1,1000
1333,125,1.0073620889997983,297.0,37935.0,300,0.1,1000
1334,126,1.0150257909990614,297.0,38236.0,300,0.1,1000
1335,127,1.022776255998906,297.0,38537.0,300,0.1,1000
1336,128,1.0304196030010644,297.0,38838.0,300,0.1,1000
1337,129,1.0381597300001886,297.0,39139.0,300,0.1,1000
1338,130,1.0460170619990095,297.0,39440.0,300,0.1,1000
1339,131,1.0541422520000197,297.0,39741.0,300,0.1,1000
1340,132,1.0623892879993946,297.0,40042.0,300,0.1,1000
1341,133,1.0709087639988866,297.0,40343.0,300,0.1,1000
1342,134,1.0789104420000513,297.0,40644.0,300,0.1,1000
1343,135,1.0872423049986537,297.0,40945.0,300,0.1,1000
1344,136,1.095092266001302,297.0,41246.0,300,0.1,1000
1345,137,1.1030154079999193,297.0,41547.0,300,0.1,1000
1346,138,1.1122170290000213,297.0,41848.0,300,0.1,1000
1347,139,1.1227698760012572,297.0,42149.0,300,0.1,1000
1348,140,1.1340745289999177,297.0,42450.0,300,0.1,1000
1349,141,1.1449962619990401,297.0,42751.0,300,0.1,1000
1350,142,1.155729866000911,297.0,43052.0,300,0.1,1000
1351,143,1.1665096600008837,297.0,43353.0,300,0.1,1000
1352,144,1.1777096920013719,297.0,43654.0,300,0.1,1000
1353,145,1.188937850001821,297.0,43955.0,300,0.1,1000
1354,146,1.1999962959998811,297.0,44256.0,300,0.1,1000
1355,147,1.2105961560009746,297.0,44557.0,300,0.1,1000
1356,148,0.007526811998104677,297.0,44858.0,300,0.1,1000
1357,149,0.016727931000787066,297.0,45159.0,300,0.1,1000
1358,150,0.02454580099947634,297.0,45460.0,300,0.1,1000
1359,151,0.03200558599928627,297.0,45761.0,300,0.1,1000
1360,152,0.03985731300053885,297.0,46062.0,300,0.1,1000
1361,153,0.04742206199807697,297.0,46363.0,300,0.1,1000
1362,154,0.055260510998778045,297.0,46664.0,300,0.1,1000
1363,155,0.06273585199960507,297.0,46965.0,300,0.1,1000
1364,156,0.07027369999923394,297.0,47266.0,300,0.1,1000
1365,157,0.07809539300069446,297.0,47567.0,300,0.1,1000
1366,158,0.0856348839988641,297.0,47868.0,300,0.1,1000
1367,159,0.09313163700062432,297.0,48169.0,300,0.1,1000
1368,160,0.10062958499838714,297.0,48470.0,300,0.1,1000
1369,161,0.10812865899788449,297.0,48771.0,300,0.1,1000
1370,162,0.11591807099830476,297.0,49072.0,300,0.1,1000
1371,163,0.12337688799743773,297.0,49373.0,300,0.1,1000
1372,164,0.13088221499856445,297.0,49674.0,300,0.1,1000
1373,165,0.13907341300000553,297.0,49975.0,300,0.1,1000
1374,166,0.14701997099837172,297.0,50276.0,300,0.1,1000
1375,167,0.155481403999147,297.0,50577.0,300,0.1,1000
1376,168,0.1634822499981965,297.0,50878.0,300,0.1,1000
1377,169,0.17305426500024623,297.0,51179.0,300,0.1,1000
1378,170,0.18128431299919612,297.0,51480.0,300,0.1,1000
1379,171,0.1894779499998549,297.0,51781.0,300,0.1,1000
1380,172,0.19728934099839535,298.0,52083.0,300,0.1,1000
1381,173,0.20611829200061038,298.0,52384.0,300,0.1,1000
1382,174,0.21381800699964515,298.0,52685.0,300,0.1,1000
1383,175,0.22150776199850952,298.0,52986.0,300,0.1,1000
1384,176,0.2292598799976986,298.0,53287.0,300,0.1,1000
1385,177,0.23684897599741817,298.0,53588.0,300,0.1,1000
1386,178,0.24458552099895314,298.0,53889.0,300,0.1,1000
1387,179,0.2521747430000687,298.0,54190.0,300,0.1,1000
1388,180,0.25996641099845874,298.0,54491.0,300,0.1,1000
1389,181,0.2675821509983507,298.0,54792.0,300,0.1,1000
1390,182,0.2755420609973953,298.0,55093.0,300,0.1,1000
1391,183,0.2832717530000082,298.0,55394.0,300,0.1,1000
1392,184,0.29101185699983034,298.0,55695.0,300,0.1,1000
1393,185,0.2990972259976843,298.0,55996.0,300,0.1,1000
1394,186,0.30675925399918924,298.0,56297.0,300,0.1,1000
1395,187,0.3145187079971947,298.0,56598.0,300,0.1,1000
1396,188,0.32336625899915816,298.0,56899.0,300,0.1,1000
1397,189,0.3310499519975565,298.0,57200.0,300,0.1,1000
1398,190,0.3389631999998528,298.0,57501.0,300,0.1,1000
1399,191,0.3467644800002745,298.0,57802.0,300,0.1,1000
1400,192,0.35458976199879544,298.0,58103.0,300,0.1,1000
1401,193,0.3622976879996713,298.0,58404.0,300,0.1,1000
1402,194,0.3704850110007101,298.0,58705.0,300,0.1,1000
1403,195,0.37816529299743706,298.0,59006.0,300,0.1,1000
1404,196,0.3858583389992418,298.0,59307.0,300,0.1,1000
1405,197,0.3936883639980806,298.0,59608.0,300,0.1,1000
1406,198,0.40131311799996183,298.0,59909.0,300,0.1,1000
1407,199,0.4093757650007319,298.0,60210.0,300,0.1,1000
1408,200,0.4171558109992475,298.0,60511.0,300,0.1,1000
1409,201,0.4249985979986377,298.0,60812.0,300,0.1,1000
1410,202,0.43311393199837767,298.0,61113.0,300,0.1,1000
1411,203,0.4413321449974319,298.0,61414.0,300,0.1,1000
1412,204,0.4490915979986312,298.0,61715.0,300,0.1,1000
1413,205,0.4584783089994744,298.0,62016.0,300,0.1,1000
1414,206,0.46645390699995914,298.0,62317.0,300,0.1,1000
1415,207,0.4748833489975368,298.0,62618.0,300,0.1,1000
1416,208,0.4826716559982742,298.0,62919.0,300,0.1,1000
1417,209,0.4907457560002513,298.0,63220.0,300,0.1,1000
1418,210,0.4985128379994421,298.0,63521.0,300,0.1,1000
1419,211,0.5072904599983303,298.0,63822.0,300,0.1,1000
1420,212,0.5158690249991196,298.0,64123.0,300,0.1,1000
1421,213,0.523824952000723,298.0,64424.0,300,0.1,1000
1422,214,0.5314555849981843,298.0,64725.0,300,0.1,1000
1423,215,0.5394981399986136,298.0,65026.0,300,0.1,1000
1424,216,0.5474995650001802,298.0,65327.0,300,0.1,1000
1425,217,0.5556305899990548,298.0,65628.0,300,0.1,1000
1426,218,0.5637708229987766,298.0,65929.0,300,0.1,1000
1427,219,0.5718341419997159,298.0,66230.0,300,0.1,1000
1428,220,0.5814312769980461,298.0,66531.0,300,0.1,1000
1429,221,0.5899654579989146,298.0,66832.0,300,0.1,1000
1430,222,0.5981775830005063,298.0,67133.0,300,0.1,1000
1431,223,0.6062177700005122,298.0,67434.0,300,0.1,1000
1432,224,0.6144988220003142,298.0,67735.0,300,0.1,1000
1433,225,0.6223797950005974,298.0,68036.0,300,0.1,1000
1434,226,0.6319915579988447,298.0,68337.0,300,0.1,1000
1435,227,0.6407852419979463,298.0,68638.0,300,0.1,1000
1436,228,0.6486645619988849,298.0,68939.0,300,0.1,1000
1437,229,0.6564560949991574,298.0,69240.0,300,0.1,1000
1438,230,0.6646413749986095,298.0,69541.0,300,0.1,1000
1439,231,0.6725233920005849,298.0,69842.0,300,0.1,1000
1440,232,0.6802758729972993,298.0,70143.0,300,0.1,1000
1441,233,0.6880957069988654,298.0,70444.0,300,0.1,1000
1442,234,0.696015012999851,298.0,70745.0,300,0.1,1000
1443,235,0.703851140999177,298.0,71046.0,300,0.1,1000
1444,236,0.7118123170002946,298.0,71347.0,300,0.1,1000
1445,237,0.71964400700017,298.0,71648.0,300,0.1,1000
1446,238,0.7276032480003778,298.0,71949.0,300,0.1,1000
1447,239,0.7356736330002605,298.0,72250.0,300,0.1,1000
1448,240,0.7436222789983731,298.0,72551.0,300,0.1,1000
1449,241,0.7514827269988018,298.0,72852.0,300,0.1,1000
1450,242,0.7593580749999091,298.0,73153.0,300,0.1,1000
1451,243,0.7672067799976503,298.0,73454.0,300,0.1,1000
1452,244,0.7751467859998229,298.0,73755.0,300,0.1,1000
1453,245,0.7829047009981878,298.0,74056.0,300,0.1,1000
1454,246,0.7907828699972015,298.0,74357.0,300,0.1,1000
1455,247,0.8001225909974892,298.0,74658.0,300,0.1,1000
1456,248,0.8108837309991941,298.0,74959.0,300,0.1,1000
1457,249,0.8215113490005024,298.0,75260.0,300,0.1,1000
1458,250,0.8322681350000494,298.0,75561.0,300,0.1,1000
1459,251,0.8430424889993446,298.0,75862.0,300,0.1,1000
1460,252,0.8536788870005694,298.0,76163.0,300,0.1,1000
1461,253,0.8644413959991653,298.0,76464.0,300,0.1,1000
1462,254,0.8751820500001486,298.0,76765.0,300,0.1,1000
1463,255,0.8858098509990668,298.0,77066.0,300,0.1,1000
1464,256,0.8961898399975325,298.0,77367.0,300,0.1,1000
1465,257,0.9058918800001265,298.0,77668.0,300,0.1,1000
1466,258,0.9138910289984779,298.0,77969.0,300,0.1,1000
1467,259,0.9218565640003362,298.0,78270.0,300,0.1,1000
1468,260,0.9301688809973712,298.0,78571.0,300,0.1,1000
1469,261,0.938817737998761,298.0,78872.0,300,0.1,1000
1470,262,0.9472218299997621,298.0,79173.0,300,0.1,1000
1471,263,0.9555644199972448,298.0,79474.0,300,0.1,1000
1472,264,0.9641025549972255,298.0,79775.0,300,0.1,1000
1473,265,0.9721297289979702,298.0,80076.0,300,0.1,1000
1474,266,0.9817565960001957,298.0,80377.0,300,0.1,1000
1475,267,0.9906235339985869,298.0,80678.0,300,0.1,1000
1476,268,1.0002905229994212,298.0,80979.0,300,0.1,1000
1477,269,1.0115626560000237,298.0,81280.0,300,0.1,1000
1478,270,1.0222963550004351,298.0,81581.0,300,0.1,1000
1479,271,1.0335912049995386,298.0,81882.0,300,0.1,1000
1480,272,1.044853195999167,298.0,82183.0,300,0.1,1000
1481,0,0.007740313998510828,275.0,300.0,300,0.3,1000
1482,1,0.020073034000233747,286.0,602.0,300,0.3,1000
1483,2,0.03060766400085413,286.0,903.0,300,0.3,1000
1484,3,0.04106174999833456,286.0,1204.0,300,0.3,1000
1485,4,0.051592253999842796,287.0,1506.0,300,0.3,1000
1486,5,0.06204997600070783,287.0,1807.0,300,0.3,1000
1487,6,0.07288264700036962,287.0,2108.0,300,0.3,1000
1488,7,0.0834438300007605,287.0,2409.0,300,0.3,1000
1489,8,0.09383170699948096,287.0,2710.0,300,0.3,1000
1490,9,0.1046303840012115,289.0,3012.0,300,0.3,1000
1491,10,0.11427283200100646,289.0,3313.0,300,0.3,1000
1492,11,0.12225660900003277,289.0,3614.0,300,0.3,1000
1493,12,0.12993349699900136,289.0,3915.0,300,0.3,1000
1494,13,0.1376848930012784,289.0,4216.0,300,0.3,1000
1495,14,0.14579451800091192,289.0,4517.0,300,0.3,1000
1496,15,0.15352247999908286,289.0,4818.0,300,0.3,1000
1497,16,0.16117832600139081,289.0,5119.0,300,0.3,1000
1498,17,0.16894765500182984,289.0,5420.0,300,0.3,1000
1499,18,0.1765581990002829,289.0,5721.0,300,0.3,1000
1500,19,0.18415083199943183,289.0,6022.0,300,0.3,1000
1501,20,0.19195269500050927,289.0,6323.0,300,0.3,1000
1502,21,0.1995099259984272,289.0,6624.0,300,0.3,1000
1503,22,0.20693365699844435,289.0,6925.0,300,0.3,1000
1504,23,0.21482651900078054,289.0,7226.0,300,0.3,1000
1505,24,0.2226951310003642,289.0,7527.0,300,0.3,1000
1506,25,0.23020765099863638,289.0,7828.0,300,0.3,1000
1507,26,0.23794613399877562,289.0,8129.0,300,0.3,1000
1508,27,0.24561085000095773,289.0,8430.0,300,0.3,1000
1509,28,0.2532447060002596,289.0,8731.0,300,0.3,1000
1510,29,0.2607802240017918,289.0,9032.0,300,0.3,1000
1511,30,0.2685812529998657,289.0,9333.0,300,0.3,1000
1512,31,0.2761432000006607,289.0,9634.0,300,0.3,1000
1513,32,0.2838698999985354,289.0,9935.0,300,0.3,1000
1514,33,0.291301523000584,289.0,10236.0,300,0.3,1000
1515,34,0.2991513839988329,289.0,10537.0,300,0.3,1000
1516,35,0.30695640799967805,289.0,10838.0,300,0.3,1000
1517,36,0.31479375300114043,289.0,11139.0,300,0.3,1000
1518,37,0.32234002800032613,289.0,11440.0,300,0.3,1000
1519,38,0.33015787999829627,289.0,11741.0,300,0.3,1000
1520,39,0.337626264001301,289.0,12042.0,300,0.3,1000
1521,40,0.3454193670004315,289.0,12343.0,300,0.3,1000
1522,41,0.35333141400042223,289.0,12644.0,300,0.3,1000
1523,42,0.3611084510012006,289.0,12945.0,300,0.3,1000
1524,43,0.36885538099886617,289.0,13246.0,300,0.3,1000
1525,44,0.376707012001134,289.0,13547.0,300,0.3,1000
1526,45,0.3848261860002822,289.0,13848.0,300,0.3,1000
1527,46,0.39269132600020384,289.0,14149.0,300,0.3,1000
1528,47,0.4005705259987735,289.0,14450.0,300,0.3,1000
1529,48,0.4086062429996673,289.0,14751.0,300,0.3,1000
1530,49,0.4165920300001744,289.0,15052.0,300,0.3,1000
1531,50,0.4243018970009871,289.0,15353.0,300,0.3,1000
1532,51,0.43221268100023735,290.0,15655.0,300,0.3,1000
1533,52,0.4400337879997096,290.0,15956.0,300,0.3,1000
1534,53,0.4478577689988015,290.0,16257.0,300,0.3,1000
1535,54,0.4553686479994212,290.0,16558.0,300,0.3,1000
1536,55,0.46291906899932656,290.0,16859.0,300,0.3,1000
1537,56,0.4704579149984056,290.0,17160.0,300,0.3,1000
1538,57,0.4781244740006514,290.0,17461.0,300,0.3,1000
1539,58,0.48578856400126824,290.0,17762.0,300,0.3,1000
1540,59,0.4934600880005746,290.0,18063.0,300,0.3,1000
1541,60,0.5011648569998215,290.0,18364.0,300,0.3,1000
1542,61,0.5088039920010488,290.0,18665.0,300,0.3,1000
1543,62,0.516513105998456,290.0,18966.0,300,0.3,1000
1544,63,0.5243003469986434,290.0,19267.0,300,0.3,1000
1545,64,0.5320350729998609,290.0,19568.0,300,0.3,1000
1546,65,0.5398843770017265,290.0,19869.0,300,0.3,1000
1547,66,0.5474489890002587,290.0,20170.0,300,0.3,1000
1548,67,0.5552729349983565,290.0,20471.0,300,0.3,1000
1549,68,0.562946196001576,290.0,20772.0,300,0.3,1000
1550,69,0.5710566109992214,291.0,21074.0,300,0.3,1000
1551,70,0.5786633600000641,291.0,21375.0,300,0.3,1000
1552,71,0.5863308689986297,291.0,21676.0,300,0.3,1000
1553,72,0.5941239470012079,291.0,21977.0,300,0.3,1000
1554,73,0.6019340489983733,291.0,22278.0,300,0.3,1000
1555,74,0.6096713080005429,291.0,22579.0,300,0.3,1000
1556,75,0.617356362999999,291.0,22880.0,300,0.3,1000
1557,76,0.6253861619989038,291.0,23181.0,300,0.3,1000
1558,77,0.6330040510001709,291.0,23482.0,300,0.3,1000
1559,78,0.6407493959995918,291.0,23783.0,300,0.3,1000
1560,79,0.6482240650002495,291.0,24084.0,300,0.3,1000
1561,80,0.6558652189996792,291.0,24385.0,300,0.3,1000
1562,81,0.6635750130008091,291.0,24686.0,300,0.3,1000
1563,82,0.6713146830006735,291.0,24987.0,300,0.3,1000
1564,83,0.6791273249982623,291.0,25288.0,300,0.3,1000
1565,84,0.686911795000924,291.0,25589.0,300,0.3,1000
1566,85,0.6946893849999469,291.0,25890.0,300,0.3,1000
1567,86,0.7026584080012981,291.0,26191.0,300,0.3,1000
1568,87,0.7102568310001516,291.0,26492.0,300,0.3,1000
1569,88,0.7180641060003836,291.0,26793.0,300,0.3,1000
1570,89,0.7258617389998108,291.0,27094.0,300,0.3,1000
1571,90,0.7336786550004035,291.0,27395.0,300,0.3,1000
1572,91,0.7415724999991653,291.0,27696.0,300,0.3,1000
1573,92,0.7495555870009412,291.0,27997.0,300,0.3,1000
1574,93,0.7574534000013955,292.0,28299.0,300,0.3,1000
1575,94,0.7650876750012685,292.0,28600.0,300,0.3,1000
1576,95,0.7727643239995814,292.0,28901.0,300,0.3,1000
1577,96,0.7804706870010705,296.0,29203.0,300,0.3,1000
1578,97,0.7882533869997133,296.0,29504.0,300,0.3,1000
1579,98,0.795805929999915,296.0,29805.0,300,0.3,1000
1580,99,0.8037138389991014,296.0,30106.0,300,0.3,1000
1581,100,0.8113176560000284,296.0,30407.0,300,0.3,1000
1582,101,0.8189501890010433,296.0,30708.0,300,0.3,1000
1583,102,0.8266299669994623,296.0,31009.0,300,0.3,1000
1584,103,0.8341885070003627,296.0,31310.0,300,0.3,1000
1585,104,0.8418046529986896,296.0,31611.0,300,0.3,1000
1586,105,0.8494461720001709,296.0,31912.0,300,0.3,1000
1587,106,0.8569469840003876,296.0,32213.0,300,0.3,1000
1588,107,0.8645120660003158,296.0,32514.0,300,0.3,1000
1589,108,0.872166739001841,296.0,32815.0,300,0.3,1000
1590,109,0.8798721999992267,296.0,33116.0,300,0.3,1000
1591,110,0.8876943920004123,296.0,33417.0,300,0.3,1000
1592,111,0.8956939980016614,296.0,33718.0,300,0.3,1000
1593,112,0.9033567840015166,296.0,34019.0,300,0.3,1000
1594,113,0.9111574540002039,296.0,34320.0,300,0.3,1000
1595,114,0.9190990460010653,296.0,34621.0,300,0.3,1000
1596,115,0.9281682920009189,296.0,34922.0,300,0.3,1000
1597,116,0.9364877650004928,296.0,35223.0,300,0.3,1000
1598,117,0.9443748650010093,296.0,35524.0,300,0.3,1000
1599,118,0.9521391720008978,296.0,35825.0,300,0.3,1000
1600,119,0.9600585719999799,296.0,36126.0,300,0.3,1000
1601,120,0.9678711909982667,296.0,36427.0,300,0.3,1000
1602,121,0.9758990480004286,296.0,36728.0,300,0.3,1000
1603,122,0.98385475699979,296.0,37029.0,300,0.3,1000
1604,123,0.9917076279998582,296.0,37330.0,300,0.3,1000
1605,124,0.9996413929984556,296.0,37631.0,300,0.3,1000
1606,125,1.0073620889997983,296.0,37932.0,300,0.3,1000
1607,126,1.0150257909990614,296.0,38233.0,300,0.3,1000
1608,127,1.022776255998906,296.0,38534.0,300,0.3,1000
1609,128,1.0304196030010644,296.0,38835.0,300,0.3,1000
1610,129,1.0381597300001886,296.0,39136.0,300,0.3,1000
1611,130,1.0460170619990095,296.0,39437.0,300,0.3,1000
1612,131,1.0541422520000197,296.0,39738.0,300,0.3,1000
1613,132,1.0623892879993946,296.0,40039.0,300,0.3,1000
1614,133,1.0709087639988866,296.0,40340.0,300,0.3,1000
1615,134,1.0789104420000513,296.0,40641.0,300,0.3,1000
1616,135,1.0872423049986537,296.0,40942.0,300,0.3,1000
1617,136,1.095092266001302,296.0,41243.0,300,0.3,1000
1618,137,1.1030154079999193,296.0,41544.0,300,0.3,1000
1619,138,1.1122170290000213,296.0,41845.0,300,0.3,1000
1620,139,1.1227698760012572,296.0,42146.0,300,0.3,1000
1621,140,1.1340745289999177,296.0,42447.0,300,0.3,1000
1622,141,1.1449962619990401,296.0,42748.0,300,0.3,1000
1623,142,1.155729866000911,296.0,43049.0,300,0.3,1000
1624,143,1.1665096600008837,296.0,43350.0,300,0.3,1000
1625,144,1.1777096920013719,296.0,43651.0,300,0.3,1000
1626,145,1.188937850001821,296.0,43952.0,300,0.3,1000
1627,146,1.1999962959998811,296.0,44253.0,300,0.3,1000
1628,147,1.2105961560009746,296.0,44554.0,300,0.3,1000
1629,148,0.007526811998104677,296.0,44855.0,300,0.3,1000
1630,149,0.016727931000787066,296.0,45156.0,300,0.3,1000
1631,150,0.02454580099947634,296.0,45457.0,300,0.3,1000
1632,151,0.03200558599928627,296.0,45758.0,300,0.3,1000
1633,152,0.03985731300053885,296.0,46059.0,300,0.3,1000
1634,153,0.04742206199807697,296.0,46360.0,300,0.3,1000
1635,154,0.055260510998778045,296.0,46661.0,300,0.3,1000
1636,155,0.06273585199960507,296.0,46962.0,300,0.3,1000
1637,156,0.07027369999923394,297.0,47264.0,300,0.3,1000
1638,157,0.07809539300069446,297.0,47565.0,300,0.3,1000
1639,158,0.0856348839988641,297.0,47866.0,300,0.3,1000
1640,159,0.09313163700062432,297.0,48167.0,300,0.3,1000
1641,160,0.10062958499838714,297.0,48468.0,300,0.3,1000
1642,161,0.10812865899788449,297.0,48769.0,300,0.3,1000
1643,162,0.11591807099830476,297.0,49070.0,300,0.3,1000
1644,163,0.12337688799743773,297.0,49371.0,300,0.3,1000
1645,164,0.13088221499856445,297.0,49672.0,300,0.3,1000
1646,165,0.13907341300000553,297.0,49973.0,300,0.3,1000
1647,166,0.14701997099837172,297.0,50274.0,300,0.3,1000
1648,167,0.155481403999147,297.0,50575.0,300,0.3,1000
1649,168,0.1634822499981965,297.0,50876.0,300,0.3,1000
1650,169,0.17305426500024623,297.0,51177.0,300,0.3,1000
1651,170,0.18128431299919612,297.0,51478.0,300,0.3,1000
1652,171,0.1894779499998549,297.0,51779.0,300,0.3,1000
1653,172,0.19728934099839535,297.0,52080.0,300,0.3,1000
1654,173,0.20611829200061038,297.0,52381.0,300,0.3,1000
1655,174,0.21381800699964515,297.0,52682.0,300,0.3,1000
1656,175,0.22150776199850952,297.0,52983.0,300,0.3,1000
1657,176,0.2292598799976986,297.0,53284.0,300,0.3,1000
1658,177,0.23684897599741817,297.0,53585.0,300,0.3,1000
1659,178,0.24458552099895314,297.0,53886.0,300,0.3,1000
1660,179,0.2521747430000687,297.0,54187.0,300,0.3,1000
1661,180,0.25996641099845874,297.0,54488.0,300,0.3,1000
1662,181,0.2675821509983507,297.0,54789.0,300,0.3,1000
1663,182,0.2755420609973953,297.0,55090.0,300,0.3,1000
1664,183,0.2832717530000082,297.0,55391.0,300,0.3,1000
1665,184,0.29101185699983034,297.0,55692.0,300,0.3,1000
1666,185,0.2990972259976843,297.0,55993.0,300,0.3,1000
1667,186,0.30675925399918924,297.0,56294.0,300,0.3,1000
1668,187,0.3145187079971947,297.0,56595.0,300,0.3,1000
1669,188,0.32336625899915816,297.0,56896.0,300,0.3,1000
1670,189,0.3310499519975565,297.0,57197.0,300,0.3,1000
1671,190,0.3389631999998528,297.0,57498.0,300,0.3,1000
1672,191,0.3467644800002745,297.0,57799.0,300,0.3,1000
1673,192,0.35458976199879544,297.0,58100.0,300,0.3,1000
1674,193,0.3622976879996713,297.0,58401.0,300,0.3,1000
1675,194,0.3704850110007101,297.0,58702.0,300,0.3,1000
1676,195,0.37816529299743706,298.0,59004.0,300,0.3,1000
1677,196,0.3858583389992418,298.0,59305.0,300,0.3,1000
1678,197,0.3936883639980806,298.0,59606.0,300,0.3,1000
1679,198,0.40131311799996183,298.0,59907.0,300,0.3,1000
1680,199,0.4093757650007319,298.0,60208.0,300,0.3,1000
1681,200,0.4171558109992475,298.0,60509.0,300,0.3,1000
1682,201,0.4249985979986377,298.0,60810.0,300,0.3,1000
1683,202,0.43311393199837767,298.0,61111.0,300,0.3,1000
1684,203,0.4413321449974319,298.0,61412.0,300,0.3,1000
1685,204,0.4490915979986312,298.0,61713.0,300,0.3,1000
1686,205,0.4584783089994744,298.0,62014.0,300,0.3,1000
1687,206,0.46645390699995914,298.0,62315.0,300,0.3,1000
1688,207,0.4748833489975368,298.0,62616.0,300,0.3,1000
1689,208,0.4826716559982742,298.0,62917.0,300,0.3,1000
1690,209,0.4907457560002513,298.0,63218.0,300,0.3,1000
1691,210,0.4985128379994421,298.0,63519.0,300,0.3,1000
1692,211,0.5072904599983303,298.0,63820.0,300,0.3,1000
1693,212,0.5158690249991196,298.0,64121.0,300,0.3,1000
1694,213,0.523824952000723,298.0,64422.0,300,0.3,1000
1695,214,0.5314555849981843,298.0,64723.0,300,0.3,1000
1696,215,0.5394981399986136,298.0,65024.0,300,0.3,1000
1697,216,0.5474995650001802,298.0,65325.0,300,0.3,1000
1698,217,0.5556305899990548,298.0,65626.0,300,0.3,1000
1699,218,0.5637708229987766,298.0,65927.0,300,0.3,1000
1700,219,0.5718341419997159,298.0,66228.0,300,0.3,1000
1701,220,0.5814312769980461,298.0,66529.0,300,0.3,1000
1702,221,0.5899654579989146,298.0,66830.0,300,0.3,1000
1703,222,0.5981775830005063,298.0,67131.0,300,0.3,1000
1704,223,0.6062177700005122,298.0,67432.0,300,0.3,1000
1705,224,0.6144988220003142,298.0,67733.0,300,0.3,1000
1706,225,0.6223797950005974,298.0,68034.0,300,0.3,1000
1707,226,0.6319915579988447,298.0,68335.0,300,0.3,1000
1708,227,0.6407852419979463,298.0,68636.0,300,0.3,1000
1709,228,0.6486645619988849,298.0,68937.0,300,0.3,1000
1710,229,0.6564560949991574,298.0,69238.0,300,0.3,1000
1711,230,0.6646413749986095,298.0,69539.0,300,0.3,1000
1712,231,0.6725233920005849,298.0,69840.0,300,0.3,1000
1713,232,0.6802758729972993,298.0,70141.0,300,0.3,1000
1714,233,0.6880957069988654,298.0,70442.0,300,0.3,1000
1715,234,0.696015012999851,298.0,70743.0,300,0.3,1000
1716,235,0.703851140999177,298.0,71044.0,300,0.3,1000
1717,236,0.7118123170002946,298.0,71345.0,300,0.3,1000
1718,237,0.71964400700017,298.0,71646.0,300,0.3,1000
1719,238,0.7276032480003778,298.0,71947.0,300,0.3,1000
1720,239,0.7356736330002605,298.0,72248.0,300,0.3,1000
1721,240,0.7436222789983731,298.0,72549.0,300,0.3,1000
1722,241,0.7514827269988018,298.0,72850.0,300,0.3,1000
1723,242,0.7593580749999091,298.0,73151.0,300,0.3,1000
1724,243,0.7672067799976503,298.0,73452.0,300,0.3,1000
1725,244,0.7751467859998229,298.0,73753.0,300,0.3,1000
1726,245,0.7829047009981878,298.0,74054.0,300,0.3,1000
1727,246,0.7907828699972015,298.0,74355.0,300,0.3,1000
1728,247,0.8001225909974892,299.0,74657.0,300,0.3,1000
1729,248,0.8108837309991941,299.0,74958.0,300,0.3,1000
1730,249,0.8215113490005024,299.0,75259.0,300,0.3,1000
1731,250,0.8322681350000494,299.0,75560.0,300,0.3,1000
1732,251,0.8430424889993446,299.0,75861.0,300,0.3,1000
1733,252,0.8536788870005694,299.0,76162.0,300,0.3,1000
1734,253,0.8644413959991653,299.0,76463.0,300,0.3,1000
1735,254,0.8751820500001486,299.0,76764.0,300,0.3,1000
1736,255,0.8858098509990668,299.0,77065.0,300,0.3,1000
1737,256,0.8961898399975325,299.0,77366.0,300,0.3,1000
1738,257,0.9058918800001265,299.0,77667.0,300,0.3,1000
1739,258,0.9138910289984779,300.0,77969.0,300,0.3,1000
1740,259,0.9218565640003362,300.0,78270.0,300,0.3,1000
1741,260,0.9301688809973712,300.0,78571.0,300,0.3,1000
1742,261,0.938817737998761,300.0,78872.0,300,0.3,1000
1743,262,0.9472218299997621,300.0,79173.0,300,0.3,1000
1744,263,0.9555644199972448,300.0,79474.0,300,0.3,1000
1745,264,0.9641025549972255,300.0,79775.0,300,0.3,1000
1746,265,0.9721297289979702,300.0,80076.0,300,0.3,1000
1747,266,0.9817565960001957,300.0,80377.0,300,0.3,1000
1748,267,0.9906235339985869,300.0,80678.0,300,0.3,1000
1749,268,1.0002905229994212,300.0,80979.0,300,0.3,1000
1750,269,1.0115626560000237,300.0,81280.0,300,0.3,1000
1751,270,1.0222963550004351,300.0,81581.0,300,0.3,1000
1752,271,1.0335912049995386,300.0,81882.0,300,0.3,1000
1753,272,1.044853195999167,300.0,82183.0,300,0.3,1000
1754,273,1.0556445980000717,300.0,82484.0,300,0.3,1000
1755,274,1.0668893629990635,300.0,82785.0,300,0.3,1000
1756,275,1.0781856039975537,300.0,83086.0,300,0.3,1000
1757,276,1.088845020000008,300.0,83387.0,300,0.3,1000
1758,277,1.1000519389999681,300.0,83688.0,300,0.3,1000
1759,278,1.1114968919973762,300.0,83989.0,300,0.3,1000
1760,279,1.12225975599722,300.0,84290.0,300,0.3,1000
1761,280,1.1333805499998562,300.0,84591.0,300,0.3,1000
1762,281,1.1446793739996792,300.0,84892.0,300,0.3,1000
1763,282,1.1554750469986175,300.0,85193.0,300,0.3,1000
1764,283,1.166756524999073,300.0,85494.0,300,0.3,1000
1765,284,1.1784838219973608,300.0,85795.0,300,0.3,1000
1766,285,1.1893926899974758,300.0,86096.0,300,0.3,1000
1767,286,1.2005446149996715,300.0,86397.0,300,0.3,1000
1768,287,1.21196135900027,300.0,86698.0,300,0.3,1000
1769,288,1.222777805000078,300.0,86999.0,300,0.3,1000
1770,289,1.2341524429975834,300.0,87300.0,300,0.3,1000
1771,290,1.2454699199988681,300.0,87601.0,300,0.3,1000
1772,291,1.2562163559996407,300.0,87902.0,300,0.3,1000
1773,292,1.2674159919988597,300.0,88203.0,300,0.3,1000
1774,293,1.2788158879993716,300.0,88504.0,300,0.3,1000
1775,294,1.289346197998384,300.0,88805.0,300,0.3,1000
1776,295,1.3007514309974795,300.0,89106.0,300,0.3,1000
1777,296,1.312064282999927,300.0,89407.0,300,0.3,1000
1778,297,1.3228448709996883,300.0,89708.0,300,0.3,1000
1779,298,1.3342281549994368,300.0,90009.0,300,0.3,1000
1780,299,1.3455047049974382,300.0,90310.0,300,0.3,1000
1781,300,1.356064747000346,300.0,90611.0,300,0.3,1000
1782,301,1.3671058309992077,300.0,90912.0,300,0.3,1000
1783,302,1.378451660999417,300.0,91213.0,300,0.3,1000
1784,303,1.3890828199982934,300.0,91514.0,300,0.3,1000
1785,304,1.400257896999392,300.0,91815.0,300,0.3,1000
1786,305,1.4115461929977755,300.0,92116.0,300,0.3,1000
1787,306,1.4225557389981986,300.0,92417.0,300,0.3,1000
1788,307,1.4333918269985588,300.0,92718.0,300,0.3,1000
1789,308,1.4441886899985548,300.0,93019.0,300,0.3,1000
1790,309,1.4548987470006978,300.0,93320.0,300,0.3,1000
1791,310,1.4656841729993175,300.0,93621.0,300,0.3,1000
1792,311,1.4762757489988871,300.0,93922.0,300,0.3,1000
1793,312,1.4869134109976585,300.0,94223.0,300,0.3,1000
1794,313,1.4972280820002197,300.0,94524.0,300,0.3,1000
1795,314,1.505948628000624,300.0,94825.0,300,0.3,1000
1796,315,1.5139958580002713,300.0,95126.0,300,0.3,1000
1797,316,1.5219959729984112,300.0,95427.0,300,0.3,1000
1798,317,1.5311333059980825,300.0,95728.0,300,0.3,1000
1799,318,1.5394209509977372,300.0,96029.0,300,0.3,1000
1800,319,1.5473086050005804,300.0,96330.0,300,0.3,1000
1801,320,1.5558215689998178,300.0,96631.0,300,0.3,1000
1802,321,1.564665313999285,300.0,96932.0,300,0.3,1000
1803,322,1.5728078360007203,300.0,97233.0,300,0.3,1000
1804,323,1.5824912269999913,300.0,97534.0,300,0.3,1000
1805,324,1.5908825119986432,300.0,97835.0,300,0.3,1000
1806,325,1.6004068669972185,300.0,98136.0,300,0.3,1000
1807,326,1.6110150169988628,300.0,98437.0,300,0.3,1000
1808,327,1.6216576939987135,300.0,98738.0,300,0.3,1000
1809,328,1.6322677850002947,300.0,99039.0,300,0.3,1000
1810,329,1.6428722429991467,300.0,99340.0,300,0.3,1000
1811,330,1.653945874000783,300.0,99641.0,300,0.3,1000
1812,331,1.664705924998998,300.0,99942.0,300,0.3,1000
1813,332,1.6753069839978707,300.0,100243.0,300,0.3,1000
1814,333,1.6861563509992266,300.0,100544.0,300,0.3,1000
1815,334,1.6967352169995138,300.0,100845.0,300,0.3,1000
1816,335,1.7074894760007737,300.0,101146.0,300,0.3,1000
1817,336,1.7181962729991938,300.0,101447.0,300,0.3,1000
1818,337,1.7292999530000088,300.0,101748.0,300,0.3,1000
1819,338,1.7398192109976662,300.0,102049.0,300,0.3,1000
1820,339,1.7505704010000045,300.0,102350.0,300,0.3,1000
1821,340,1.7612852189995465,300.0,102651.0,300,0.3,1000
1822,341,1.771973798997351,300.0,102952.0,300,0.3,1000
1823,342,1.782549431998632,300.0,103253.0,300,0.3,1000
1824,343,1.793356293997931,300.0,103554.0,300,0.3,1000
1825,344,1.8040846309995686,300.0,103855.0,300,0.3,1000
1826,345,1.8149525209992134,300.0,104156.0,300,0.3,1000
1827,346,1.825690018999012,300.0,104457.0,300,0.3,1000
1828,347,1.836319056998036,300.0,104758.0,300,0.3,1000
1829,348,1.8467593009991106,300.0,105059.0,300,0.3,1000
1830,349,1.857209210000292,300.0,105360.0,300,0.3,1000
1831,350,1.8683977349974157,300.0,105661.0,300,0.3,1000
1832,351,1.8790362859981542,300.0,105962.0,300,0.3,1000
1833,352,1.8898768379985995,300.0,106263.0,300,0.3,1000
1834,353,1.8998146849990007,300.0,106564.0,300,0.3,1000
1835,354,1.9083278519974556,300.0,106865.0,300,0.3,1000
1836,355,1.9161518919972877,300.0,107166.0,300,0.3,1000
1837,356,1.9242586379987188,300.0,107467.0,300,0.3,1000
1838,357,1.9321542590005265,300.0,107768.0,300,0.3,1000
1839,358,1.9401281659993401,300.0,108069.0,300,0.3,1000
1840,0,0.007740313998510828,275.0,300.0,300,0.45,1000
1841,1,0.020073034000233747,286.0,602.0,300,0.45,1000
1842,2,0.03060766400085413,286.0,903.0,300,0.45,1000
1843,3,0.04106174999833456,286.0,1204.0,300,0.45,1000
1844,4,0.051592253999842796,286.0,1505.0,300,0.45,1000
1845,5,0.06204997600070783,286.0,1806.0,300,0.45,1000
1846,6,0.07288264700036962,286.0,2107.0,300,0.45,1000
1847,7,0.0834438300007605,289.0,2409.0,300,0.45,1000
1848,8,0.09383170699948096,289.0,2710.0,300,0.45,1000
1849,9,0.1046303840012115,289.0,3011.0,300,0.45,1000
1850,10,0.11427283200100646,289.0,3312.0,300,0.45,1000
1851,11,0.12225660900003277,289.0,3613.0,300,0.45,1000
1852,12,0.12993349699900136,289.0,3914.0,300,0.45,1000
1853,13,0.1376848930012784,289.0,4215.0,300,0.45,1000
1854,14,0.14579451800091192,289.0,4516.0,300,0.45,1000
1855,15,0.15352247999908286,289.0,4817.0,300,0.45,1000
1856,16,0.16117832600139081,289.0,5118.0,300,0.45,1000
1857,17,0.16894765500182984,289.0,5419.0,300,0.45,1000
1858,18,0.1765581990002829,289.0,5720.0,300,0.45,1000
1859,19,0.18415083199943183,289.0,6021.0,300,0.45,1000
1860,20,0.19195269500050927,289.0,6322.0,300,0.45,1000
1861,21,0.1995099259984272,289.0,6623.0,300,0.45,1000
1862,22,0.20693365699844435,289.0,6924.0,300,0.45,1000
1863,23,0.21482651900078054,289.0,7225.0,300,0.45,1000
1864,24,0.2226951310003642,289.0,7526.0,300,0.45,1000
1865,25,0.23020765099863638,289.0,7827.0,300,0.45,1000
1866,26,0.23794613399877562,289.0,8128.0,300,0.45,1000
1867,27,0.24561085000095773,289.0,8429.0,300,0.45,1000
1868,28,0.2532447060002596,289.0,8730.0,300,0.45,1000
1869,29,0.2607802240017918,289.0,9031.0,300,0.45,1000
1870,30,0.2685812529998657,289.0,9332.0,300,0.45,1000
1871,31,0.2761432000006607,289.0,9633.0,300,0.45,1000
1872,32,0.2838698999985354,289.0,9934.0,300,0.45,1000
1873,33,0.291301523000584,289.0,10235.0,300,0.45,1000
1874,34,0.2991513839988329,289.0,10536.0,300,0.45,1000
1875,35,0.30695640799967805,289.0,10837.0,300,0.45,1000
1876,36,0.31479375300114043,289.0,11138.0,300,0.45,1000
1877,37,0.32234002800032613,289.0,11439.0,300,0.45,1000
1878,38,0.33015787999829627,289.0,11740.0,300,0.45,1000
1879,39,0.337626264001301,289.0,12041.0,300,0.45,1000
1880,40,0.3454193670004315,289.0,12342.0,300,0.45,1000
1881,41,0.35333141400042223,289.0,12643.0,300,0.45,1000
1882,42,0.3611084510012006,289.0,12944.0,300,0.45,1000
1883,43,0.36885538099886617,289.0,13245.0,300,0.45,1000
1884,44,0.376707012001134,289.0,13546.0,300,0.45,1000
1885,45,0.3848261860002822,289.0,13847.0,300,0.45,1000
1886,46,0.39269132600020384,289.0,14148.0,300,0.45,1000
1887,47,0.4005705259987735,289.0,14449.0,300,0.45,1000
1888,48,0.4086062429996673,289.0,14750.0,300,0.45,1000
1889,49,0.4165920300001744,289.0,15051.0,300,0.45,1000
1890,50,0.4243018970009871,290.0,15353.0,300,0.45,1000
1891,51,0.43221268100023735,290.0,15654.0,300,0.45,1000
1892,52,0.4400337879997096,290.0,15955.0,300,0.45,1000
1893,53,0.4478577689988015,290.0,16256.0,300,0.45,1000
1894,54,0.4553686479994212,290.0,16557.0,300,0.45,1000
1895,55,0.46291906899932656,290.0,16858.0,300,0.45,1000
1896,56,0.4704579149984056,290.0,17159.0,300,0.45,1000
1897,57,0.4781244740006514,290.0,17460.0,300,0.45,1000
1898,58,0.48578856400126824,290.0,17761.0,300,0.45,1000
1899,59,0.4934600880005746,290.0,18062.0,300,0.45,1000
1900,60,0.5011648569998215,290.0,18363.0,300,0.45,1000
1901,61,0.5088039920010488,290.0,18664.0,300,0.45,1000
1902,62,0.516513105998456,290.0,18965.0,300,0.45,1000
1903,63,0.5243003469986434,290.0,19266.0,300,0.45,1000
1904,64,0.5320350729998609,291.0,19568.0,300,0.45,1000
1905,65,0.5398843770017265,291.0,19869.0,300,0.45,1000
1906,66,0.5474489890002587,291.0,20170.0,300,0.45,1000
1907,67,0.5552729349983565,291.0,20471.0,300,0.45,1000
1908,68,0.562946196001576,291.0,20772.0,300,0.45,1000
1909,69,0.5710566109992214,293.0,21074.0,300,0.45,1000
1910,70,0.5786633600000641,293.0,21375.0,300,0.45,1000
1911,71,0.5863308689986297,293.0,21676.0,300,0.45,1000
1912,72,0.5941239470012079,293.0,21977.0,300,0.45,1000
1913,73,0.6019340489983733,293.0,22278.0,300,0.45,1000
1914,74,0.6096713080005429,293.0,22579.0,300,0.45,1000
1915,75,0.617356362999999,293.0,22880.0,300,0.45,1000
1916,76,0.6253861619989038,293.0,23181.0,300,0.45,1000
1917,77,0.6330040510001709,293.0,23482.0,300,0.45,1000
1918,78,0.6407493959995918,293.0,23783.0,300,0.45,1000
1919,79,0.6482240650002495,293.0,24084.0,300,0.45,1000
1920,80,0.6558652189996792,293.0,24385.0,300,0.45,1000
1921,81,0.6635750130008091,293.0,24686.0,300,0.45,1000
1922,82,0.6713146830006735,293.0,24987.0,300,0.45,1000
1923,83,0.6791273249982623,293.0,25288.0,300,0.45,1000
1924,84,0.686911795000924,293.0,25589.0,300,0.45,1000
1925,85,0.6946893849999469,293.0,25890.0,300,0.45,1000
1926,86,0.7026584080012981,293.0,26191.0,300,0.45,1000
1927,87,0.7102568310001516,293.0,26492.0,300,0.45,1000
1928,88,0.7180641060003836,293.0,26793.0,300,0.45,1000
1929,89,0.7258617389998108,293.0,27094.0,300,0.45,1000
1930,90,0.7336786550004035,293.0,27395.0,300,0.45,1000
1931,91,0.7415724999991653,293.0,27696.0,300,0.45,1000
1932,92,0.7495555870009412,293.0,27997.0,300,0.45,1000
1933,93,0.7574534000013955,293.0,28298.0,300,0.45,1000
1934,94,0.7650876750012685,293.0,28599.0,300,0.45,1000
1935,95,0.7727643239995814,293.0,28900.0,300,0.45,1000
1936,96,0.7804706870010705,293.0,29201.0,300,0.45,1000
1937,97,0.7882533869997133,293.0,29502.0,300,0.45,1000
1938,98,0.795805929999915,293.0,29803.0,300,0.45,1000
1939,99,0.8037138389991014,293.0,30104.0,300,0.45,1000
1940,100,0.8113176560000284,294.0,30406.0,300,0.45,1000
1941,101,0.8189501890010433,294.0,30707.0,300,0.45,1000
1942,102,0.8266299669994623,294.0,31008.0,300,0.45,1000
1943,103,0.8341885070003627,294.0,31309.0,300,0.45,1000
1944,104,0.8418046529986896,294.0,31610.0,300,0.45,1000
1945,105,0.8494461720001709,294.0,31911.0,300,0.45,1000
1946,106,0.8569469840003876,294.0,32212.0,300,0.45,1000
1947,107,0.8645120660003158,294.0,32513.0,300,0.45,1000
1948,108,0.872166739001841,294.0,32814.0,300,0.45,1000
1949,109,0.8798721999992267,294.0,33115.0,300,0.45,1000
1950,110,0.8876943920004123,294.0,33416.0,300,0.45,1000
1951,111,0.8956939980016614,294.0,33717.0,300,0.45,1000
1952,112,0.9033567840015166,294.0,34018.0,300,0.45,1000
1953,113,0.9111574540002039,294.0,34319.0,300,0.45,1000
1954,114,0.9190990460010653,294.0,34620.0,300,0.45,1000
1955,115,0.9281682920009189,294.0,34921.0,300,0.45,1000
1956,116,0.9364877650004928,294.0,35222.0,300,0.45,1000
1957,117,0.9443748650010093,294.0,35523.0,300,0.45,1000
1958,118,0.9521391720008978,294.0,35824.0,300,0.45,1000
1959,119,0.9600585719999799,294.0,36125.0,300,0.45,1000
1960,120,0.9678711909982667,294.0,36426.0,300,0.45,1000
1961,121,0.9758990480004286,294.0,36727.0,300,0.45,1000
1962,122,0.98385475699979,294.0,37028.0,300,0.45,1000
1963,123,0.9917076279998582,294.0,37329.0,300,0.45,1000
1964,124,0.9996413929984556,294.0,37630.0,300,0.45,1000
1965,125,1.0073620889997983,294.0,37931.0,300,0.45,1000
1966,126,1.0150257909990614,294.0,38232.0,300,0.45,1000
1967,127,1.022776255998906,294.0,38533.0,300,0.45,1000
1968,128,1.0304196030010644,294.0,38834.0,300,0.45,1000
1969,129,1.0381597300001886,294.0,39135.0,300,0.45,1000
1970,130,1.0460170619990095,294.0,39436.0,300,0.45,1000
1971,131,1.0541422520000197,294.0,39737.0,300,0.45,1000
1972,132,1.0623892879993946,294.0,40038.0,300,0.45,1000
1973,133,1.0709087639988866,294.0,40339.0,300,0.45,1000
1974,134,1.0789104420000513,295.0,40641.0,300,0.45,1000
1975,135,1.0872423049986537,295.0,40942.0,300,0.45,1000
1976,136,1.095092266001302,295.0,41243.0,300,0.45,1000
1977,137,1.1030154079999193,295.0,41544.0,300,0.45,1000
1978,138,1.1122170290000213,295.0,41845.0,300,0.45,1000
1979,139,1.1227698760012572,295.0,42146.0,300,0.45,1000
1980,140,1.1340745289999177,295.0,42447.0,300,0.45,1000
1981,141,1.1449962619990401,295.0,42748.0,300,0.45,1000
1982,142,1.155729866000911,295.0,43049.0,300,0.45,1000
1983,143,1.1665096600008837,295.0,43350.0,300,0.45,1000
1984,144,1.1777096920013719,295.0,43651.0,300,0.45,1000
1985,145,1.188937850001821,295.0,43952.0,300,0.45,1000
1986,146,1.1999962959998811,295.0,44253.0,300,0.45,1000
1987,147,1.2105961560009746,295.0,44554.0,300,0.45,1000
1988,148,0.007526811998104677,295.0,44855.0,300,0.45,1000
1989,149,0.016727931000787066,295.0,45156.0,300,0.45,1000
1990,150,0.02454580099947634,295.0,45457.0,300,0.45,1000
1991,151,0.03200558599928627,295.0,45758.0,300,0.45,1000
1992,152,0.03985731300053885,295.0,46059.0,300,0.45,1000
1993,153,0.04742206199807697,295.0,46360.0,300,0.45,1000
1994,154,0.055260510998778045,295.0,46661.0,300,0.45,1000
1995,155,0.06273585199960507,295.0,46962.0,300,0.45,1000
1996,156,0.07027369999923394,295.0,47263.0,300,0.45,1000
1997,157,0.07809539300069446,295.0,47564.0,300,0.45,1000
1998,158,0.0856348839988641,295.0,47865.0,300,0.45,1000
1999,159,0.09313163700062432,295.0,48166.0,300,0.45,1000
2000,160,0.10062958499838714,295.0,48467.0,300,0.45,1000
2001,161,0.10812865899788449,295.0,48768.0,300,0.45,1000
2002,162,0.11591807099830476,295.0,49069.0,300,0.45,1000
2003,163,0.12337688799743773,296.0,49371.0,300,0.45,1000
2004,164,0.13088221499856445,296.0,49672.0,300,0.45,1000
2005,165,0.13907341300000553,296.0,49973.0,300,0.45,1000
2006,166,0.14701997099837172,296.0,50274.0,300,0.45,1000
2007,167,0.155481403999147,296.0,50575.0,300,0.45,1000
2008,168,0.1634822499981965,296.0,50876.0,300,0.45,1000
2009,169,0.17305426500024623,296.0,51177.0,300,0.45,1000
2010,170,0.18128431299919612,296.0,51478.0,300,0.45,1000
2011,171,0.1894779499998549,297.0,51780.0,300,0.45,1000
2012,172,0.19728934099839535,297.0,52081.0,300,0.45,1000
2013,173,0.20611829200061038,297.0,52382.0,300,0.45,1000
2014,174,0.21381800699964515,297.0,52683.0,300,0.45,1000
2015,175,0.22150776199850952,297.0,52984.0,300,0.45,1000
2016,176,0.2292598799976986,297.0,53285.0,300,0.45,1000
2017,177,0.23684897599741817,297.0,53586.0,300,0.45,1000
2018,178,0.24458552099895314,297.0,53887.0,300,0.45,1000
2019,179,0.2521747430000687,297.0,54188.0,300,0.45,1000
2020,180,0.25996641099845874,298.0,54490.0,300,0.45,1000
2021,181,0.2675821509983507,298.0,54791.0,300,0.45,1000
2022,182,0.2755420609973953,298.0,55092.0,300,0.45,1000
2023,183,0.2832717530000082,298.0,55393.0,300,0.45,1000
2024,184,0.29101185699983034,298.0,55694.0,300,0.45,1000
2025,185,0.2990972259976843,298.0,55995.0,300,0.45,1000
2026,186,0.30675925399918924,298.0,56296.0,300,0.45,1000
2027,187,0.3145187079971947,298.0,56597.0,300,0.45,1000
2028,188,0.32336625899915816,298.0,56898.0,300,0.45,1000
2029,189,0.3310499519975565,298.0,57199.0,300,0.45,1000
2030,190,0.3389631999998528,298.0,57500.0,300,0.45,1000
2031,191,0.3467644800002745,298.0,57801.0,300,0.45,1000
2032,192,0.35458976199879544,298.0,58102.0,300,0.45,1000
2033,193,0.3622976879996713,298.0,58403.0,300,0.45,1000
2034,194,0.3704850110007101,298.0,58704.0,300,0.45,1000
2035,195,0.37816529299743706,298.0,59005.0,300,0.45,1000
2036,196,0.3858583389992418,298.0,59306.0,300,0.45,1000
2037,197,0.3936883639980806,298.0,59607.0,300,0.45,1000
2038,198,0.40131311799996183,298.0,59908.0,300,0.45,1000
2039,199,0.4093757650007319,298.0,60209.0,300,0.45,1000
2040,200,0.4171558109992475,298.0,60510.0,300,0.45,1000
2041,201,0.4249985979986377,298.0,60811.0,300,0.45,1000
2042,202,0.43311393199837767,298.0,61112.0,300,0.45,1000
2043,203,0.4413321449974319,298.0,61413.0,300,0.45,1000
2044,204,0.4490915979986312,298.0,61714.0,300,0.45,1000
2045,205,0.4584783089994744,298.0,62015.0,300,0.45,1000
2046,206,0.46645390699995914,298.0,62316.0,300,0.45,1000
2047,207,0.4748833489975368,298.0,62617.0,300,0.45,1000
2048,208,0.4826716559982742,298.0,62918.0,300,0.45,1000
2049,209,0.4907457560002513,298.0,63219.0,300,0.45,1000
2050,210,0.4985128379994421,298.0,63520.0,300,0.45,1000
2051,211,0.5072904599983303,298.0,63821.0,300,0.45,1000
2052,212,0.5158690249991196,298.0,64122.0,300,0.45,1000
2053,213,0.523824952000723,298.0,64423.0,300,0.45,1000
2054,214,0.5314555849981843,298.0,64724.0,300,0.45,1000
2055,215,0.5394981399986136,298.0,65025.0,300,0.45,1000
2056,216,0.5474995650001802,298.0,65326.0,300,0.45,1000
2057,217,0.5556305899990548,298.0,65627.0,300,0.45,1000
2058,218,0.5637708229987766,298.0,65928.0,300,0.45,1000
2059,219,0.5718341419997159,298.0,66229.0,300,0.45,1000
2060,220,0.5814312769980461,298.0,66530.0,300,0.45,1000
2061,221,0.5899654579989146,298.0,66831.0,300,0.45,1000
2062,222,0.5981775830005063,298.0,67132.0,300,0.45,1000
2063,223,0.6062177700005122,298.0,67433.0,300,0.45,1000
2064,224,0.6144988220003142,298.0,67734.0,300,0.45,1000
2065,225,0.6223797950005974,298.0,68035.0,300,0.45,1000
2066,226,0.6319915579988447,298.0,68336.0,300,0.45,1000
2067,227,0.6407852419979463,298.0,68637.0,300,0.45,1000
2068,228,0.6486645619988849,298.0,68938.0,300,0.45,1000
2069,229,0.6564560949991574,298.0,69239.0,300,0.45,1000
2070,230,0.6646413749986095,298.0,69540.0,300,0.45,1000
2071,231,0.6725233920005849,298.0,69841.0,300,0.45,1000
2072,232,0.6802758729972993,298.0,70142.0,300,0.45,1000
2073,233,0.6880957069988654,298.0,70443.0,300,0.45,1000
2074,234,0.696015012999851,298.0,70744.0,300,0.45,1000
2075,235,0.703851140999177,298.0,71045.0,300,0.45,1000
2076,236,0.7118123170002946,298.0,71346.0,300,0.45,1000
2077,237,0.71964400700017,298.0,71647.0,300,0.45,1000
2078,238,0.7276032480003778,298.0,71948.0,300,0.45,1000
2079,239,0.7356736330002605,298.0,72249.0,300,0.45,1000
2080,240,0.7436222789983731,298.0,72550.0,300,0.45,1000
2081,241,0.7514827269988018,298.0,72851.0,300,0.45,1000
2082,242,0.7593580749999091,298.0,73152.0,300,0.45,1000
2083,243,0.7672067799976503,298.0,73453.0,300,0.45,1000
2084,244,0.7751467859998229,298.0,73754.0,300,0.45,1000
2085,245,0.7829047009981878,298.0,74055.0,300,0.45,1000
2086,246,0.7907828699972015,298.0,74356.0,300,0.45,1000
2087,247,0.8001225909974892,298.0,74657.0,300,0.45,1000
2088,248,0.8108837309991941,298.0,74958.0,300,0.45,1000
2089,249,0.8215113490005024,298.0,75259.0,300,0.45,1000
2090,250,0.8322681350000494,298.0,75560.0,300,0.45,1000
2091,251,0.8430424889993446,298.0,75861.0,300,0.45,1000
2092,252,0.8536788870005694,298.0,76162.0,300,0.45,1000
2093,253,0.8644413959991653,298.0,76463.0,300,0.45,1000
2094,254,0.8751820500001486,298.0,76764.0,300,0.45,1000
2095,255,0.8858098509990668,298.0,77065.0,300,0.45,1000
2096,256,0.8961898399975325,298.0,77366.0,300,0.45,1000
2097,257,0.9058918800001265,298.0,77667.0,300,0.45,1000
2098,258,0.9138910289984779,298.0,77968.0,300,0.45,1000
2099,259,0.9218565640003362,298.0,78269.0,300,0.45,1000
2100,260,0.9301688809973712,298.0,78570.0,300,0.45,1000
2101,261,0.938817737998761,298.0,78871.0,300,0.45,1000
2102,262,0.9472218299997621,298.0,79172.0,300,0.45,1000
2103,263,0.9555644199972448,298.0,79473.0,300,0.45,1000
2104,264,0.9641025549972255,298.0,79774.0,300,0.45,1000
2105,265,0.9721297289979702,298.0,80075.0,300,0.45,1000
2106,266,0.9817565960001957,298.0,80376.0,300,0.45,1000
2107,267,0.9906235339985869,298.0,80677.0,300,0.45,1000
2108,268,1.0002905229994212,298.0,80978.0,300,0.45,1000
2109,269,1.0115626560000237,298.0,81279.0,300,0.45,1000
2110,270,1.0222963550004351,298.0,81580.0,300,0.45,1000
2111,271,1.0335912049995386,298.0,81881.0,300,0.45,1000
2112,272,1.044853195999167,298.0,82182.0,300,0.45,1000
2113,273,1.0556445980000717,298.0,82483.0,300,0.45,1000
2114,274,1.0668893629990635,298.0,82784.0,300,0.45,1000
2115,275,1.0781856039975537,298.0,83085.0,300,0.45,1000
2116,276,1.088845020000008,298.0,83386.0,300,0.45,1000
2117,277,1.1000519389999681,298.0,83687.0,300,0.45,1000
2118,278,1.1114968919973762,298.0,83988.0,300,0.45,1000
2119,279,1.12225975599722,298.0,84289.0,300,0.45,1000
2120,280,1.1333805499998562,298.0,84590.0,300,0.45,1000
